Model,MAE
Random Forest,2.2879691287053316
XGBoost,2.1791934967041016
SVR,2.097243339811067
LightGBM,2.6490376363720354
