Model,MSE
Random Forest,10.648080483916221
XGBoost,10.308950424194336
SVR,9.960164909462197
LightGBM,12.910489361033948
