Model,R2
Random Forest,0.4780861541535657
XGBoost,0.4947085380554199
SVR,0.5118042185148628
LightGBM,0.3671945695419372
