Model,RMSE
Random Forest,3.263139666627253
XGBoost,3.2107554288974325
SVR,3.1559728942850884
LightGBM,3.5931169422986984
