Model,Accuracy
Random Forest,0.8533333333333334
XGBoost,0.8733333333333333
SVR,0.88
LightGBM,0.8833333333333333
